<?xml version="1.0" ?>
<annotation>
    
    
    <folder>crackles_image</folder>
    
    
    <filename>141_1b1_Pr_mc_LittC2SE_2_s.png</filename>
    
    
    <path>/content/drive/MyDrive/AIFFEL/AIFFELTON/label_data/crackles_image/141_1b1_Pr_mc_LittC2SE_2_crackles.png</path>
    
    
    <source>
        
        
        <database>Unknown</database>
        
    
    </source>
    
    
    <size>
        
        
        <width>969</width>
        
        
        <height>370</height>
        
        
        <depth>3</depth>
        
    
    </size>
    
    
    <segmented>0</segmented>
    

    <object>
        <name>wheezes</name>
        <pose>Unspecified</pose>
        <truncated>0</truncated>
        <difficult>0</difficult>
        <bndbox>
            <xmin>103</xmin>
            <ymin>147</ymin>
            <xmax>862</xmax>
            <ymax>352</ymax>
        </bndbox>
    </object>
</annotation>
